Epoch,train_sat_kb,test_sat_kb,train_accuracy,test_accuracy
0,0.6407290101051331,0.7266703248023987,0.8150091767311096,0.9128828644752502
1,0.7518868446350098,0.640778660774231,0.9186611771583557,0.8606831431388855
2,0.807550311088562,0.726298451423645,0.9482513070106506,0.9144235849380493
